{
  "curves": {
    "bahrain|SOFT": {
      "type": "power",
      "params": [
        98.77041764708449,
        1.0134796222571915e-15,
        0.5000000000585231
      ],
      "rmse": 1.7739964140441553,
      "n_samples": 1360
    },
    "bahrain|MEDIUM": {
      "type": "power",
      "params": [
        98.22391861772458,
        0.17188461946855332,
        0.5000000000321959
      ],
      "rmse": 1.368617476192129,
      "n_samples": 747
    },
    "bahrain|HARD": {
      "type": "power",
      "params": [
        97.35546909368392,
        0.07909849392069047,
        0.5000000000000006
      ],
      "rmse": 1.275785242302553,
      "n_samples": 1590
    },
    "jeddah|MEDIUM": {
      "type": "power",
      "params": [
        95.39727785090317,
        5.691841872243427e-14,
        0.5000000027109026
      ],
      "rmse": 1.384671194897446,
      "n_samples": 956
    },
    "jeddah|HARD": {
      "type": "power",
      "params": [
        94.49560600005312,
        4.769517817202513e-18,
        0.5000000001086331
      ],
      "rmse": 1.4028680699780718,
      "n_samples": 2000
    },
    "albert_park|MEDIUM": {
      "type": "power",
      "params": [
        83.13353318964388,
        0.36065094053230823,
        0.5000000000000001
      ],
      "rmse": 1.2322164371091386,
      "n_samples": 458
    },
    "albert_park|HARD": {
      "type": "power",
      "params": [
        82.96794860685911,
        1.3848147962884604e-18,
        2.9999552827204634
      ],
      "rmse": 1.4866102471191995,
      "n_samples": 1935
    },
    "imola|MEDIUM": {
      "type": "power",
      "params": [
        81.93723693287689,
        5.4185664165206244e-12,
        0.5000000007516928
      ],
      "rmse": 0.9424963805125802,
      "n_samples": 1410
    },
    "imola|SOFT": {
      "type": "power",
      "params": [
        80.47218867984978,
        1.4068716582148666e-16,
        0.5000000011934136
      ],
      "rmse": 1.5326196965364447,
      "n_samples": 53
    },
    "imola|HARD": {
      "type": "power",
      "params": [
        81.54927954376683,
        8.933952140811033e-06,
        2.999999995634189
      ],
      "rmse": 1.1376575043986228,
      "n_samples": 1331
    },
    "miami|MEDIUM": {
      "type": "power",
      "params": [
        93.53505066540389,
        1.6789631210240206e-11,
        0.5000000000100666
      ],
      "rmse": 1.4130520662903283,
      "n_samples": 1065
    },
    "miami|HARD": {
      "type": "power",
      "params": [
        93.3415255001141,
        4.372539726784104e-14,
        0.5000000133546884
      ],
      "rmse": 1.3450874317159216,
      "n_samples": 1667
    },
    "miami|SOFT": {
      "type": "power",
      "params": [
        93.61192307692308,
        2.129204007587937e-17,
        0.5000000000000001
      ],
      "rmse": 0.9987656891259068,
      "n_samples": 65
    },
    "catalunya|SOFT": {
      "type": "power",
      "params": [
        80.74299999998323,
        0.711214986906053,
        0.5000000000010831
      ],
      "rmse": 3.9999978921321597,
      "n_samples": 1873
    },
    "catalunya|MEDIUM": {
      "type": "power",
      "params": [
        82.89389207988248,
        4.2309629343307265e-10,
        0.5000015636406626
      ],
      "rmse": 3.8266243297153792,
      "n_samples": 1693
    },
    "catalunya|HARD": {
      "type": "power",
      "params": [
        79.89438487553457,
        0.051574800433448885,
        0.5000000000105127
      ],
      "rmse": 1.1319581267522139,
      "n_samples": 861
    },
    "monaco|HARD": {
      "type": "power",
      "params": [
        78.22099999999817,
        0.04683457269848964,
        0.5000000000169779
      ],
      "rmse": 2.124354649255846,
      "n_samples": 2288
    },
    "monaco|MEDIUM": {
      "type": "power",
      "params": [
        78.48299999999996,
        0.002288440110104494,
        0.5000000000721045
      ],
      "rmse": 2.2125731168872895,
      "n_samples": 1391
    },
    "monaco|SOFT": {
      "type": "power",
      "params": [
        76.63668762599418,
        0.43354509541205083,
        0.5000000000000003
      ],
      "rmse": 1.582666807319295,
      "n_samples": 109
    },
    "baku|MEDIUM": {
      "type": "power",
      "params": [
        108.17414554579675,
        7.407436227025584e-15,
        0.5000000000000073
      ],
      "rmse": 2.0949942146084877,
      "n_samples": 797
    },
    "baku|HARD": {
      "type": "power",
      "params": [
        107.90794725748187,
        6.054254850280543e-17,
        0.500000000392728
      ],
      "rmse": 1.8781522320948476,
      "n_samples": 2370
    },
    "baku|SOFT": {
      "type": "power",
      "params": [
        107.9079136022594,
        7.489163462570305e-05,
        2.999999999999665
      ],
      "rmse": 0.6126976943267598,
      "n_samples": 11
    },
    "montreal|MEDIUM": {
      "type": "power",
      "params": [
        77.83398762417805,
        2.0849115733286796e-11,
        0.5000000229577691
      ],
      "rmse": 1.6159233221263352,
      "n_samples": 972
    },
    "montreal|HARD": {
      "type": "power",
      "params": [
        77.56133285873214,
        1.633947038176702e-06,
        2.9999999999963913
      ],
      "rmse": 1.343338318027763,
      "n_samples": 2448
    },
    "silverstone|MEDIUM": {
      "type": "power",
      "params": [
        93.07403720833426,
        0.026669407517707695,
        1.053675037301252
      ],
      "rmse": 2.06184642929385,
      "n_samples": 1324
    },
    "silverstone|HARD": {
      "type": "power",
      "params": [
        93.08340316468558,
        4.168449091993418e-12,
        1.1230617710659452
      ],
      "rmse": 1.6761632679886607,
      "n_samples": 315
    },
    "silverstone|SOFT": {
      "type": "power",
      "params": [
        92.66076817784311,
        2.4677213530935714e-09,
        0.5000010445478063
      ],
      "rmse": 1.784052425579832,
      "n_samples": 593
    },
    "red_bull_ring|MEDIUM": {
      "type": "power",
      "params": [
        70.4029192387359,
        0.10859655919535169,
        0.5584120739545205
      ],
      "rmse": 0.9861496776577009,
      "n_samples": 1912
    },
    "red_bull_ring|HARD": {
      "type": "power",
      "params": [
        70.34129109158533,
        0.16685897636723968,
        0.5000000000658883
      ],
      "rmse": 0.8980824985707089,
      "n_samples": 2239
    },
    "paul_ricard|MEDIUM": {
      "type": "power",
      "params": [
        99.97646283783769,
        5.989652897568386e-14,
        0.5000000000000384
      ],
      "rmse": 0.9692738010086152,
      "n_samples": 296
    },
    "paul_ricard|HARD": {
      "type": "power",
      "params": [
        99.57893581770766,
        2.9025937735031583e-20,
        0.5000000000270097
      ],
      "rmse": 0.9596159762986455,
      "n_samples": 483
    },
    "hungaroring|SOFT": {
      "type": "power",
      "params": [
        84.27515550119182,
        0.00015624697322215065,
        2.9999999999991935
      ],
      "rmse": 1.4967611874460691,
      "n_samples": 377
    },
    "hungaroring|MEDIUM": {
      "type": "power",
      "params": [
        83.97611730396348,
        3.7459179288021224e-10,
        0.5000000187760945
      ],
      "rmse": 1.3854514756188143,
      "n_samples": 1939
    },
    "hungaroring|HARD": {
      "type": "power",
      "params": [
        83.56418808355191,
        0.07692364174624744,
        0.5000000000003902
      ],
      "rmse": 1.7216214179910376,
      "n_samples": 2466
    },
    "spa|SOFT": {
      "type": "power",
      "params": [
        112.22512513896409,
        7.903890557235289e-14,
        0.5000000021682338
      ],
      "rmse": 1.8955106287216692,
      "n_samples": 429
    },
    "spa|MEDIUM": {
      "type": "power",
      "params": [
        110.70599999999612,
        0.01052721111322598,
        0.5000000028062602
      ],
      "rmse": 3.1651830381406563,