{
  "curves": {
    "bahrain|SOFT": {
      "type": "power",
      "params": [
        98.99599999986376,
        0.08621807772504947,
        0.5000000068540458
      ],
      "rmse": 1.7551011456765464,
      "n_samples": 859
    },
    "bahrain|MEDIUM": {
      "type": "power",
      "params": [
        98.20669008993224,
        0.07538259497294339,
        1.218726794790054
      ],
      "rmse": 1.5045229335386503,
      "n_samples": 298
    },
    "bahrain|HARD": {
      "type": "power",
      "params": [
        98.20741431705844,
        0.046646412404763034,
        0.5000000000001813
      ],
      "rmse": 0.9541938834354042,
      "n_samples": 589
    },
    "jeddah|MEDIUM": {
      "type": "power",
      "params": [
        95.92116418014736,
        2.336699737623683e-15,
        0.5000000005998451
      ],
      "rmse": 1.3294111727862112,
      "n_samples": 536
    },
    "jeddah|HARD": {
      "type": "power",
      "params": [
        94.76398741417331,
        1.4549405204146472e-21,
        0.5000000000035606
      ],
      "rmse": 1.4622487051063866,
      "n_samples": 874
    },
    "albert_park|MEDIUM": {
      "type": "power",
      "params": [
        84.23134314700808,
        0.15998534977717865,
        0.5000000000000001
      ],
      "rmse": 1.0579381918818833,
      "n_samples": 295
    },
    "albert_park|HARD": {
      "type": "power",
      "params": [
        83.32577461350694,
        3.573558846958158e-15,
        0.5000000000000431
      ],
      "rmse": 1.5409813909744323,
      "n_samples": 1229
    },
    "imola|MEDIUM": {
      "type": "power",
      "params": [
        82.09274491385631,
        3.90937676415549e-20,
        0.5000000000311862
      ],
      "rmse": 1.0795598878800172,
      "n_samples": 639
    },
    "imola|SOFT": {
      "type": "power",
      "params": [
        79.38653424048093,
        0.0007090183670572229,
        2.9999999995923172
      ],
      "rmse": 0.5817046179391819,
      "n_samples": 40
    },
    "imola|HARD": {
      "type": "power",
      "params": [
        82.45734482758621,
        2.0237796234510945e-16,
        0.5000000000000031
      ],
      "rmse": 0.8250626005867919,
      "n_samples": 29
    },
    "miami|MEDIUM": {
      "type": "power",
      "params": [
        93.94898531094522,
        1.5398054155335983e-10,
        0.5000000058605144
      ],
      "rmse": 1.6716370415092385,
      "n_samples": 587
    },
    "miami|HARD": {
      "type": "power",
      "params": [
        93.499826709062,
        2.1946233337507373e-17,
        0.5000000000000001
      ],
      "rmse": 1.3867593189742708,
      "n_samples": 1258
    },
    "miami|SOFT": {
      "type": "power",
      "params": [
        94.10467857541148,
        1.3217684541042568e-17,
        0.5000003473141912
      ],
      "rmse": 0.7361750594201399,
      "n_samples": 28
    },
    "catalunya|SOFT": {
      "type": "power",
      "params": [
        81.3299999999986,
        0.9999999999988236,
        0.563975201538622
      ],
      "rmse": 4.441187955132767,
      "n_samples": 889
    },
    "catalunya|MEDIUM": {
      "type": "power",
      "params": [
        83.06899999998886,
        0.4847395700833491,
        0.5000000000030597
      ],
      "rmse": 4.587577993364323,
      "n_samples": 835
    },
    "catalunya|HARD": {
      "type": "power",
      "params": [
        80.0515753424644,
        6.572056752706861e-13,
        0.5000000000036244
      ],
      "rmse": 1.1888135239040791,
      "n_samples": 511
    },
    "monaco|HARD": {
      "type": "power",
      "params": [
        78.95155019331231,
        3.800239858308264e-14,
        0.5000000589037665
      ],
      "rmse": 2.1945059001676204,
      "n_samples": 807
    },
    "monaco|MEDIUM": {
      "type": "power",
      "params": [
        78.91444768442511,
        1.258138911880652e-18,
        0.500000000461227
      ],
      "rmse": 2.1448451995281363,
      "n_samples": 583
    },
    "monaco|SOFT": {
      "type": "power",
      "params": [
        76.88647398343545,
        0.01299722963771028,
        1.7787595985824876
      ],
      "rmse": 1.1295982344978204,
      "n_samples": 31
    },
    "baku|MEDIUM": {
      "type": "power",
      "params": [
        109.05939823027299,
        0.00020831954093974438,
        2.9999999999994795
      ],
      "rmse": 1.3668926355119078,
      "n_samples": 330
    },
    "baku|HARD": {
      "type": "power",
      "params": [
        108.13143288575209,
        1.7355670596455305e-18,
        0.5000000000048566
      ],
      "rmse": 1.855434867945241,
      "n_samples": 1192
    },
    "baku|SOFT": {
      "type": "power",
      "params": [
        107.9079136022594,
        7.489163462570305e-05,
        2.999999999999665
      ],
      "rmse": 0.6126976943267598,
      "n_samples": 11
    },
    "montreal|MEDIUM": {
      "type": "power",
      "params": [
        78.02992057762405,
        3.507542640748383e-14,
        0.50000000006497
      ],
      "rmse": 1.2655468848999052,
      "n_samples": 554
    },
    "montreal|HARD": {
      "type": "power",
      "params": [
        78.0716228536029,
        3.6723183171348504e-06,
        2.9999999999972253
      ],
      "rmse": 1.1157650184129124,
      "n_samples": 1473
    },
    "silverstone|MEDIUM": {
      "type": "power",
      "params": [
        93.7527450983059,
        7.702335724680366e-17,
        0.5000000005034728
      ],
      "rmse": 1.0279836849841628,
      "n_samples": 765
    },
    "silverstone|HARD": {
      "type": "power",
      "params": [
        93.3721320776892,
        7.0759102363508535e-15,
        0.500000001750292
      ],
      "rmse": 1.3583662584111973,
      "n_samples": 265
    },
    "silverstone|SOFT": {
      "type": "power",
      "params": [
        93.03583595424317,
        6.048309073457743e-14,
        1.1172059995829187
      ],
      "rmse": 1.4977229709995854,
      "n_samples": 409
    },
    "red_bull_ring|MEDIUM": {
      "type": "power",
      "params": [
        70.67558177328183,
        6.815444971740676e-15,
        0.500000002337041
      ],
      "rmse": 1.0377833496286188,
      "n_samples": 801
    },
    "red_bull_ring|HARD": {
      "type": "power",
      "params": [
        70.37076283719522,
        0.17845327567785002,
        0.5000003421129976
      ],
      "rmse": 0.976239321120528,
      "n_samples": 1179
    },
    "paul_ricard|MEDIUM": {
      "type": "power",
      "params": [
        99.97646283783769,
        5.989652897568386e-14,
        0.5000000000000384
      ],
      "rmse": 0.9692738010086152,
      "n_samples": 296
    },
    "paul_ricard|HARD": {
      "type": "power",
      "params": [
        99.57893581770766,
        2.9025937735031583e-20,
        0.5000000000270097
      ],
      "rmse": 0.9596159762986455,
      "n_samples": 483
    },
    "hungaroring|SOFT": {
      "type": "power",
      "params": [
        84.39446723709389,
        0.0001481795424458545,
        2.999999999987888
      ],
      "rmse": 1.5035800942109654,
      "n_samples": 301
    },
    "hungaroring|MEDIUM": {
      "type": "power",
      "params": [
        84.53989062497705,
        6.799663816167308e-12,
        0.5000000000037451
      ],
      "rmse": 1.2258746294700815,
      "n_samples": 1024
    },
    "hungaroring|HARD": {
      "type": "power",
      "params": [
        84.71620294494154,
        0.0029732018105646683,
        1.2419334698697282
      ],
      "rmse": 0.9586957803342279,
      "n_samples": 934
    },
    "spa|SOFT": {
      "type": "power",
      "params": [
        111.76341717655352,
        0.2951273704066171,
        0.5000000000000001
      ],
      "rmse": 1.393694590465429,
      "n_samples": 368
    },
    "spa|MEDIUM": {
      "type": "power",
      "params": [
        112.01227947798755,
        0.7040051975210224,
        0.5000000000000371
      ],
      "rmse": 1.4947044250207402,
      "n_samples": 684
    },